{
  "feature_version": "fp8d.v1.0",
  "grammar_version": "apex-hardbrake.v1.0",
  "units": {
    "time": "s",
    "speed": "km/h",
    "throttle": "0-1",
    "brake": "0-1"
  },
  "resample_hz": 100,
  "stimulus": {
    "driver": "NOR",
    "lap": 31,
    "seg_id": 3,
    "type": "HARD_BRAKE"
  },
  "fingerprint_raw": {
    "thr_duty90": 0.5473134653034588,
    "brk_duty20": 0.15988688274961932,
    "thr_mod_freq": 0.652741514346241,
    "brk_event_rate": 0.08703220191283213,
    "coast_pct": 0.031977376549923865,
    "exit_push": 0.0,
    "decel_aggr": 90.00006776470514,
    "speed_var": 5059.588226774993
  },
  "global_quantile_5": {
    "thr_duty90": 0.42105263157894735,
    "brk_duty20": 0.15191210648637227,
    "thr_mod_freq": 0.21886627270262915,
    "brk_event_rate": 0.06376195536526609,
    "coast_pct": 0.008025343189017951,
    "exit_push": 0.0,
    "decel_aggr": 88.43536349890454,
    "speed_var": 3299.049259901592
  },
  "global_quantile_95": {
    "thr_duty90": 0.6420274551214361,
    "brk_duty20": 0.2608828939301042,
    "thr_mod_freq": 0.6211180124030709,
    "brk_event_rate": 0.14540167211397284,
    "coast_pct": 0.04193138500635324,
    "exit_push": 0.4020100502512444,
    "decel_aggr": 118.74999999999969,
    "speed_var": 5431.652371745096
  }
}