{
  "feature_version": "fp8d.v1.0",
  "grammar_version": "apex-hardbrake.v1.0",
  "units": {
    "time": "s",
    "speed": "km/h",
    "throttle": "0-1",
    "brake": "0-1"
  },
  "resample_hz": 100,
  "stimulus": {
    "driver": "RUS",
    "lap": 26,
    "seg_id": 2,
    "type": "HARD_BRAKE"
  },
  "fingerprint_raw": {
    "thr_duty90": 0.5699673558215451,
    "brk_duty20": 0.18694232861806312,
    "thr_mod_freq": 0.21767522855429508,
    "brk_event_rate": 0.08707009142171804,
    "coast_pct": 0.019804134929270946,
    "exit_push": 0.0,
    "decel_aggr": 100.50251256281523,
    "speed_var": 4762.930398278833
  },
  "global_quantile_5": {
    "thr_duty90": 0.42105263157894735,
    "brk_duty20": 0.15191210648637227,
    "thr_mod_freq": 0.21886627270262915,
    "brk_event_rate": 0.06376195536526609,
    "coast_pct": 0.008025343189017951,
    "exit_push": 0.0,
    "decel_aggr": 88.43536349890454,
    "speed_var": 3299.049259901592
  },
  "global_quantile_95": {
    "thr_duty90": 0.6420274551214361,
    "brk_duty20": 0.2608828939301042,
    "thr_mod_freq": 0.6211180124030709,
    "brk_event_rate": 0.14540167211397284,
    "coast_pct": 0.04193138500635324,
    "exit_push": 0.4020100502512444,
    "decel_aggr": 118.74999999999969,
    "speed_var": 5431.652371745096
  }
}