{
  "feature_version": "fp8d.v1.0",
  "grammar_version": "apex-hardbrake.v1.0",
  "units": {
    "time": "s",
    "speed": "km/h",
    "throttle": "0-1",
    "brake": "0-1"
  },
  "resample_hz": 100,
  "stimulus": {
    "driver": "RUS",
    "lap": 28,
    "seg_id": 1,
    "type": "HARD_BRAKE"
  },
  "fingerprint_raw": {
    "thr_duty90": 0.5613296865137808,
    "brk_duty20": 0.21670523879654954,
    "thr_mod_freq": 0.2104377104333239,
    "brk_event_rate": 0.08417508417332957,
    "coast_pct": 0.023984851672627813,
    "exit_push": 0.19999999999999557,
    "decel_aggr": 94.0438682796002,
    "speed_var": 4845.419401434884
  },
  "global_quantile_5": {
    "thr_duty90": 0.42105263157894735,
    "brk_duty20": 0.15191210648637227,
    "thr_mod_freq": 0.21886627270262915,
    "brk_event_rate": 0.06376195536526609,
    "coast_pct": 0.008025343189017951,
    "exit_push": 0.0,
    "decel_aggr": 88.43536349890454,
    "speed_var": 3299.049259901592
  },
  "global_quantile_95": {
    "thr_duty90": 0.6420274551214361,
    "brk_duty20": 0.2608828939301042,
    "thr_mod_freq": 0.6211180124030709,
    "brk_event_rate": 0.14540167211397284,
    "coast_pct": 0.04193138500635324,
    "exit_push": 0.4020100502512444,
    "decel_aggr": 118.74999999999969,
    "speed_var": 5431.652371745096
  }
}